usgs_id,gage_name,latitude,longitude,nwm_feature_id,geoglows_river_id,verification_status
USGS-02378780,"D'OLIVE CREEK NEAR BRIDGEHEAD, AL",30.65206944,-87.8896472,,,Unverified
USGS-0357586650,"FAGAN CREEK AT ADAMS STREET AT HUNTSVILLE, AL.",34.7226208,-86.5749828,,,Unverified
USGS-0357587728,"DALLAS BRANCH AT COLEMAN ST IN HUNTSVILLE, AL",34.74567586,-86.5741495,,,Unverified
USGS-09470700,"BANNING CREEK NEAR BISBEE, AZ",31.50345,-110.0056694,,,Unverified
USGS-09470750,"RAMSEY CANYON NEAR SIERRA VISTA, AZ",31.44666667,-110.3058333,,,Unverified
USGS-09471310,"HUACHUCA CANYON NEAR FORT HUACHUCA, AZ",31.51805556,-110.3872222,,,Unverified
USGS-09475500,"FLORENCE-CASA GRANDE CANAL, NEAR FLORENCE, AZ.",33.09440556,-111.26015,,,Unverified
USGS-09489082,"NORTH FORK THOMAS CREEK NEAR ALPINE, AZ",33.67502778,-109.2701111,,,Unverified
USGS-09498503,"SOUTH FORK PARKER CREEK NEAR ROOSEVELT, AZ",33.79694444,-110.9598111,,,Unverified
USGS-09507580,"EAST VERDE R DIV FROM EAST CLEAR CR NR PINE, AZ",34.41780739,-111.2637469,,,Unverified
USGS-09522600,"NORTH GILA MAIN CANAL NEAR YUMA, AZ",32.80296389,-114.4953222,,,Unverified
USGS-09522650,"NORTH GILA MAIN CANAL NO. 2 NEAR YUMA, AZ",32.75266667,-114.4939472,,,Unverified
USGS-09522660,"GILA MONSTER FARMS TURNOUT NO. 1 NEAR YUMA, AZ",32.74586944,-114.4787944,,,Unverified
USGS-09522680,"GILA MONSTER FARMS TURNOUT NO. 2 NEAR YUMA, AZ",32.74388889,-114.4616667,,,Unverified
USGS-09522850,"GILA GRAVITY CANAL AT YUMA-MESA PUMPING PLANT, AZ",32.68175,-114.4703639,,,Unverified
USGS-09522860,CITY OF YUMA DIVERSION AT AVENUE 9E PUMPING PLANT,32.67888889,-114.478611,,,Unverified
USGS-09522880,"MCAS DIVERSION OF B CANAL NEAR YUMA, AZ",32.64888889,-114.5822222,,,Unverified
USGS-09522900,"UNIT B CANAL NEAR YUMA, AZ",32.6180361,-114.6304306,,,Unverified
USGS-09528200,COCOPAH DIVERSION FROM WEST MAIN CANAL NR SOMERTON,32.61833333,-114.7616667,,,Unverified
USGS-072632971,"Yount Creek near Martindale, AR",34.8897222,-92.6466667,,,Unverified
USGS-072632982,"Reece Creek at Little Italy, AR",34.93,-92.5930556,,,Unverified
USGS-072638805,"Fish Lake Ditch near Altheimer, AR",34.26116389,-91.6990833,,,Unverified
USGS-07358253,"Whittington Cr at Tunnel Ent at Hot Springs, AR",34.51716667,-93.0575,,,Unverified
USGS-07358257,"Hot Sprngs Cr US of T.E. at Glade St at Hot Sp.,AR",34.5236111,-93.0544444,,,Unverified
USGS-07362500,"Moro Creek near Fordyce, AR",33.7922222,-92.3333333,,,Unverified
USGS-09429155,"PVID F-CANAL SPILL NEAR BLYTHE, CA",33.5748861,-114.546811,,,Unverified
USGS-09429180,"PVID D23 SPILL NEAR BLYTHE, CA",33.4918,-114.603611,,,Unverified
USGS-09429200,"PVID C CANAL SPILL NEAR BLYTHE, CA",33.42833056,-114.673336,,,Unverified
USGS-09523400,"TITSINK CANAL NEAR YUMA, AZ",32.82363333,-114.5431167,,,Unverified
USGS-09524000,"YUMA MAIN CANAL AT SIPHON DROP P.P. NR YUMA, AZ",32.7762361,-114.6354083,,,Unverified
USGS-09524700,"YUMA MAIN CANAL ABOVE WASTEWAY NR WINTERHAVEN, CA",32.73408333,-114.6230556,,,Unverified
USGS-09530000,"RESERVATION MAIN DRAIN NO. 4 NEAR YUMA, AZ",32.7361472,-114.6221194,,,Unverified
USGS-11062700,LYTLE C DIV TO FONTANA PH AVM NR FONTANA CA,34.1554722,-117.3975833,,,Unverified
USGS-11119745,MISSION C A ROCKY NOOK PARK A SANTA BARBARA CA,34.44055266,-119.7118027,,,Unverified
USGS-11311300,TURNER CUT NR HOLT CA,37.9925,-121.4538889,,,Unverified
USGS-11313431,HOLLAND CUT NR BETHEL ISLAND CA,38.01638889,-121.5819444,,,Unverified
USGS-11336600,DELTA CROSS CHANNEL NR WALNUT GROVE,38.2447222,-121.5052778,,,Unverified
USGS-11337080,THREEMILE SLOUGH NR RIO VISTA CA,38.1033333,-121.686111,,,Unverified
USGS-11447850,STEAMBOAT SLOUGH NR WALNUT GROVE CA,38.2847222,-121.5866667,,,Unverified
USGS-0112779610,"BRIDE BROOK NR EAST LYME, CT",41.3232222,-72.24175,,,Unverified
USGS-022462002,"DURBIN CREEK NEAR FRUIT COVE, FL",30.11916667,-81.54638889,,,Unverified
USGS-022907085,"BLACK CREEK CANAL WEST OF U.S. 1 NR  GOULDS, FL",25.57091667,-80.37875,,,Unverified
USGS-0229070854,"BLACK CREEK CANAL EAST OF US1 NR GOULDS, FL",25.57,-80.3747778,,,Unverified
USGS-023066535,HENRY STREET CANAL AT BENJAMIN ROAD NEAR TAMPA FL,28.0000972,-82.5417667,,,Unverified
USGS-02309200,RATTLESNAKE CREEK AT BELLEAIR FL,27.94240833,-82.804,,,Unverified
USGS-02327031,"SPRING CREEK NEAR SPRING CREEK, FL",30.07270485,-84.3273972,,,Unverified
USGS-251003080435500,"MCCORMICK CREEK AT MOUTH NEAR KEY LARGO, FL",25.16819444,-80.73358889,,,Unverified
USGS-251033080440800,"OYSTER CREEK NEAR FLAMINGO, FL",25.17588889,-80.7355833,,,Unverified
USGS-251152080370900,"EAST CREEK NEAR HOMESTEAD, FL",25.1982111,-80.6190944,,,Unverified
USGS-255654081350200,"BLACKWATER RIVER NEAR GOODLAND, FL",25.9523611,-81.5844222,,,Unverified
USGS-02208130,"SHOAL CREEK AT PAPER MILL RD, NR LAWRENCEVILLE, GA",33.9497222,-83.9483333,,,Unverified
USGS-023362095,"BURNT FORK CR AT MILLWOOD WAY NEAR CLARKSTON, GA",33.82138889,-84.2747222,,,Unverified
USGS-03612000,"CACHE RIVER AT FORMAN, IL",37.335,-88.9252778,,,Unverified
USGS-05536123,"CHICAGO RIVER AT COLUMBUS DRIVE AT CHICAGO, IL",41.88836628,-87.6211634,,,Unverified
USGS-05536255,"BUTTERFIELD CREEK AT FLOSSMOOR, IL",41.5398611,-87.6494444,,,Unverified
USGS-05536343,"NATALIE CREEK AT MIDLOTHIAN, IL",41.62166667,-87.7333333,,,Unverified
USGS-05536580,"STONY CREEK (WEST) NEAR WORTH, IL",41.68902778,-87.8299444,,,Unverified
USGS-05595820,"CASEY FORK AT MOUNT VERNON, IL",38.28666667,-88.8722222,,,Unverified
USGS-03330500,"TIPPECANOE RIVER AT OSWEGO, IN",41.32060147,-85.78915649,,,Unverified
USGS-033521504,"SAND CREEK AT 116TH STREET AT FISHERS, IN",39.95694444,-85.9891667,,,Unverified
USGS-03353415,"SCHOOL BRANCH AT MALONEY ROAD NEAR BROWNSBURG, IN",39.88577778,-86.3554444,,,Unverified
USGS-03353420,"SCHOOL BRANCH AT CR750N AT BROWNSBURG, IN",39.8725833,-86.3615278,,,Unverified
USGS-04092677,"GRAND CALUMET RIVER AT INDUSTRIAL HWY AT GARY, IN",41.60781377,-87.3936506,,,Unverified
USGS-05523865,"CARPENTER CREEK AT REMINGTON, IN",40.7780833,-87.1633611,,,Unverified
USGS-05536195,"LITTLE CALUMET RIVER AT MUNSTER, IN",41.5775,-87.5222222,,,Unverified
USGS-05536356,"GRAND CALUMET RIVER AT COLUMBIA AV AT HAMMOND, IN",41.6186111,-87.4998333,,,Unverified
USGS-05422470,"Crow Creek at Bettendorf, IA",41.55114444,-90.4551306,,,Unverified
USGS-073802284,"New River Canal east of Sorrento, LA",30.18925,-90.7812778,,,Unverified
USGS-07380238,"Naomi Diversion Canal near Naomi, LA",29.6991111,-89.9888611,,,Unverified
USGS-0158397967,"MINEBANK RUN NEAR GLEN ARM, MD",39.4096111,-76.55725,,,Unverified
USGS-03075850,"ARROWHEAD RUN AT THAYERVILLE, MD",39.50275,-79.3271944,,,Unverified
USGS-0110057120,"ELM BROOK AT ROUTE 2A NEAR LINCOLN, MA",42.4528333,-71.3043056,,,Unverified
USGS-0110057380,"HARTWELL BROOK AT BEDFORD, MA",42.4813333,-71.2696667,,,Unverified
USGS-01104405,"HOBBS BROOK AT MILL ST NR LINCOLN, MA",42.436484,-71.2695014,,,Unverified
USGS-011055525,"PONKAPOAG BRK UPSTREAM RT 138,NR CANTON, MA",42.19027778,-71.1144444,,,Unverified
USGS-0110588332,"MARSTONS MILLS RV, DS OUT. OF BOG, MARS. MILLS, MA",41.66710556,-70.42362778,,,Unverified
USGS-0110588340,"SANTUIT RIVER AT OLD KINGS ROAD AT SANTUIT, MA",41.62747588,-70.4505591,,,Unverified
USGS-04037500,"CISCO BRANCH ONTONAGON R AT CISCO LAKE OUTLET, MI",46.25330556,-89.4524722,,,Unverified
USGS-04043244,"EAST BRANCH SALMON TROUT RIVER NEAR DODGE CITY, MI",46.7857589,-87.8523522,,,Unverified
USGS-04057813,"GREENWOOD DIVERSION NEAR GREENWOOD, MI",46.43438238,-87.7695795,,,Unverified
USGS-04057814,"GREENWOOD RELEASE NEAR GREENWOOD, MI",46.4393822,-87.7979128,,,Unverified
USGS-041015313,"OSBORN DRAIN AT DEWEY LAKE ST NR GLENWOOD, MI",42.05587699,-86.0689021,,,Unverified
USGS-04102776,"MIDDLE BRANCH BLACK RIVER NEAR SOUTH HAVEN, MI",42.4325306,-86.2069742,,,Unverified
USGS-04121494,"CHIPPEWA CREEK AT 90TH AVENUE NEAR EVART, MI",43.9258333,-85.2666667,,,Unverified
USGS-04164300,"EAST BRANCH COON CREEK AT ARMADA, MI",42.84586297,-82.8849278,,,Unverified
USGS-04164500,"NORTH BRANCH CLINTON RIVER NEAR MT. CLEMENS, MI",42.62920008,-82.8888104,,,Unverified
USGS-04168580,"ECORSE RIVER AT DEARBORN HEIGHTS, MI",42.2694826,-83.28965169,,,Unverified
USGS-02429980,"POLLARD MILL BRANCH AT PADEN, MS",34.65388889,-88.24888889,,,Unverified
USGS-02474600,"BOGUE HOMO NR RICHTON, MS",31.4036111,-89.0216667,,,Unverified
USGS-02485650,"PURPLE CREEK AT JACKSON, MS",32.37888889,-90.1211111,,,Unverified
USGS-07274251,"TOWN CREEK AT WATER VALLEY, MS",34.1475,-89.6333333,,,Unverified
USGS-330304090210100,"BEE LAKE TRIBUTARY NO 1 NR THORNTON, MS",33.0511111,-90.3502778,,,Unverified
USGS-330339091022000,"LK WASHINGTON TRIB NO 2 NR MARATHON, MS",33.06083333,-91.0388889,,,Unverified
USGS-330548091055100,"LK WASHINGTON TRIB AT STEIN RD NR CHATHAM, MS",33.09666667,-91.0975,,,Unverified
USGS-06164623,Little Warm Cr Tributary nr Lodge Pole MT,47.99523889,-108.3200528,,,Unverified
USGS-06327450,Cains Coulee at Glendive MT,47.09420556,-104.7132667,,,Unverified
USGS-09415915,"WARM SPGS W INFLOW NR MOAPA, NV",36.71051944,-114.7146056,,,Unverified
USGS-362605114163001,"BEAR PAW POPPY SPRING OUTFLOW NR LAKE MEAD, NV",36.43478056,-114.275111,,,Unverified
USGS-01398107,Holland Brook at Readington NJ,40.5583333,-74.73,,,Unverified
USGS-01403500,Green Brook at Plainfield NJ,40.615,-74.4316667,,,Unverified
USGS-01303000,MILL NECK CREEK AT MILL NECK NY,40.88741667,-73.5631944,,,Unverified
USGS-01303500,COLD SPRING BROOK AT COLD SPRING HARBOR NY,40.85716667,-73.4635556,,,Unverified
USGS-01315226,VANDERWHACKER BROOK TRIB 1 NEAR BOREAS RIVER NY,43.9485,-73.9883611,,,Unverified
USGS-01315227,VANDERWHACKER BROOK TRIB 2 NEAR BOREAS RIVER NY,43.94819444,-73.9901111,,,Unverified
USGS-01362357,WARNER CREEK NEAR CHICHESTER NY,42.09616667,-74.2904167,,,Unverified
USGS-01434021,W BR NEVERSINK R AT WINNISOOK L NR FROST VALLEY NY,42.0111111,-74.4144444,,,Unverified
USGS-04232053,MILL CREEK NEAR WEBSTER NY,43.25769444,-77.4468611,,,Unverified
USGS-04235890,GROUT BROOK NEAR FAIR HAVEN NY,42.74202778,-76.2653611,,,Unverified
USGS-04253294,"BUCK CREEK, SOUTH TRIBUTARY, NEAR INLET NY",43.74188889,-74.7109167,,,Unverified
USGS-04253295,"BUCK CREEK, NORTH TRIBUTARY, NEAR INLET NY",43.74369444,-74.7132222,,,Unverified
USGS-04253296,BUCK CREEK NEAR INLET NY,43.74402778,-74.7216667,,,Unverified
USGS-04274185,WHITE BROOK NEAR WILMINGTON NY,44.392,-73.85738889,,,Unverified
USGS-0208524090,"MOUNTAIN CREEK AT SR1617 NR BAHAMA, NC",36.1497222,-78.8966667,,,Unverified
USGS-0208732534,"PIGEON HOUSE CR AT CAMERON VILLAGE AT RALEIGH, NC",35.7875,-78.6547222,,,Unverified
USGS-0208732593,"PIGEON HOUSE CREEK AT FENTON STREET AT RALEIGH, NC",35.8029583,-78.6202528,,,Unverified
USGS-0208732885,"MARSH CREEK NEAR NEW HOPE, NC",35.81694444,-78.5930556,,,Unverified
USGS-0208735012,"ROCKY BRANCH BELOW PULLEN ROAD AT RALEIGH, NC",35.78,-78.66638889,,,Unverified
USGS-0212430653,"MCKEE CREEK AT SR2804 NR WILGROVE, NC",35.25388889,-80.6480556,,,Unverified
USGS-0214265828,"MCDOWELL CR TRIB AT SR2131 NR HICKS CROSSROADS, NC",35.40178889,-80.9175194,,,Unverified
USGS-0214266080,"GAR CREEK AT SR2074 NR CROFT, NC",35.36138889,-80.8975,,,Unverified
USGS-0214297160,"BEAVERDAM CREEK AB WINDY GAP ROAD NR SHOPTON, NC",35.1697222,-80.9877778,,,Unverified
USGS-0214643820,"EDWARDS BRANCH AT SHEFFIELD DR AT CHARLOTTE, NC",35.2033333,-80.7722222,,,Unverified
USGS-0214678175,"STEELE CREEK AT SR1441 NR PINEVILLE, NC",35.105,-80.9536111,,,Unverified
USGS-0347927162,"BUCKEYE CR ABOVE BUCKEYE LAKE NEAR CANNON GAP, NC",36.21742778,-81.9081222,,,Unverified
USGS-0347927164,"BUCKEYE CR BELOW BUCKEYE LAKE NEAR CANNON GAP, NC",36.2200083,-81.9076056,,,Unverified
USGS-03102950,Pymatuning Creek at Kinsman OH,41.44283235,-80.58812999,,,Unverified
USGS-03232470,Paint Creek near Bainbridge OH,39.25228728,-83.3493577,,,Unverified
USGS-452736122294900,"MITCHELL CREEK AT SE 162nd AVE, AT PORTLAND, OR",45.46,-122.4969444,,,Unverified
USGS-452807122215001,"N FK JOHNSON CR NR SE ORIENT DR, NR GRESHAM, OR",45.46866667,-122.3639722,,,Unverified
USGS-01115297,WILBUR HOLLOW BK AT OLD PLAINFIELD PK NR CLAYVILLE,41.7648219,-71.6356207,,,Unverified
USGS-02110400,"BUCK CREEK NEAR LONGS, SC",33.953505,-78.71973988,,,Unverified
USGS-021622847,"SLICKING CREEK NEAR ROCKY BOTTOM, SC",35.06777778,-82.6980556,,,Unverified
USGS-021623957,"BIG FALLS CREEK NEAR TIGERVILLE, SC",35.17,-82.4027778,,,Unverified
USGS-02169505,"ROCKY BRANCH AT PICKENS ST AT COLUMBIA, SC",33.9948774,-81.0237029,,,Unverified
USGS-06405800,"BEAR GULCH NEAR HAYWARD, SD",43.79193375,-103.3474139,,,Unverified
USGS-08061551,"E Fk Trinity Rv blw Lk Ray Hubbard nr Forney, TX",32.7986111,-96.4941667,,,Unverified
USGS-08131600,"Tom Green County WCID No. 1 Canal nr San Angelo,TX",31.4162804,-100.3945511,,,Unverified
USGS-09267500,"MOSBY CANAL NEAR LAPOINT, UT",40.6082881,-109.8840393,,,Unverified
USGS-0164578734,"SNAKEDEN BRANCH ABOVE LAKE AUDUBON AT RESTON, VA",38.9296611,-77.34113889,,,Unverified
USGS-0164579522,"THE GLADE NEAR HOWLAND DRIVE AT RESTON, VA",38.9256,-77.32933889,,,Unverified
USGS-0204309906,"CONVEYANCE CHAN AT RAMSGATE LN NR GREAT BRIDGE, VA",36.69064444,-76.2123167,,,Unverified
USGS-12202450,"SILVER BEACH CR AT MAYNARD PL AT BELLINGHAM, WA",48.7692772,-122.4065547,,,Unverified
USGS-040871473,"WILSON PARK CREEK AT GMIA INFALL AT MILWAUKEE, WI",42.9457222,-87.8862222,,,Unverified
USGS-040871475,"WILSON PARK CREEK @ GMIA OUTFALL 7 @ MILWAUKEE,WI",42.95702778,-87.9073056,,,Unverified
USGS-040871476,HOLMES AVE CRK TRIB @ GMIA OUTFALL 1 AT MILWAUKEE,42.94516667,-87.9110556,,,Unverified
USGS-054279465,"S FORK PHEASANT BRANCH @ DEMING WAY @ MIDDLETON,WI",43.09860617,-89.52151,,,Unverified
